{
  "images" : [
    {
      "idiom" : "watch",
      "scale" : "2x"
    },
    {
      "idiom" : "watch",
      "scale" : "2x",
      "screen-width" : "<=145"
    },
    {
      "idiom" : "watch",
      "scale" : "2x",
      "screen-width" : ">161"
    },
    {
      "idiom" : "watch",
      "filename" : "J_x_large.png",
      "screen-width" : ">145",
      "scale" : "2x"
    },
    {
      "idiom" : "watch",
      "scale" : "2x",
      "screen-width" : ">183"
    }
  ],
  "info" : {
    "version" : 1,
    "author" : "xcode"
  }
}